{
	"bmi-installation" : null,
	"compiler-frontend-variant" : "GNU",
	"compiler-id" : "GNU",
	"compiler-simulate-id" : "",
	"config" : "Debug",
	"cxx-modules" : {},
	"database-info" : null,
	"dir-cur-bld" : "C:/Users/Student/CLionProjects/labolatorium1/cmake-build-debug",
	"dir-cur-src" : "C:/Users/Student/CLionProjects/labolatorium1",
	"dir-top-bld" : "C:/Users/Student/CLionProjects/labolatorium1/cmake-build-debug",
	"dir-top-src" : "C:/Users/Student/CLionProjects/labolatorium1",
	"exports" : [],
	"forward-modules-from-target-dirs" : [],
	"include-dirs" : [],
	"language" : "CXX",
	"linked-target-dirs" : [],
	"module-dir" : "C:/Users/Student/CLionProjects/labolatorium1/cmake-build-debug/CMakeFiles/labolatorium1.dir",
	"sources" : 
	{
		"CMakeFiles/labolatorium1.dir/Labolatorium2.cpp.obj" : 
		{
			"language" : "CXX",
			"source" : "C:/Users/Student/CLionProjects/labolatorium1/Labolatorium2.cpp"
		},
		"CMakeFiles/labolatorium1.dir/main.cpp.obj" : 
		{
			"language" : "CXX",
			"source" : "C:/Users/Student/CLionProjects/labolatorium1/main.cpp"
		}
	}
}